battery_id,cycle,voltage,current,temperature,capacity,time,failure,ambient_temperature,soc,soh,internal_resistance
0,2,1.1778340965647753,-0.7901743294708425,1.0739975013138803,2.0069128654313277,2.4458029529958685,0,1.096531327587567,1.177834096564769,2.00691286543133,-0.05613266445529245
0,4,1.2667885484922865,-0.7775257232207142,1.0880639172431947,1.9682178636365444,2.3980348982771806,0,1.096531327587567,1.2667885484922867,1.968217863636546,0.19465711192524587
0,6,1.342980006767047,-0.7656391112263532,1.0804861341270262,1.926407949902411,2.3427558576488408,0,1.096531327587567,1.3429800067670459,1.926407949902412,-0.4827400006513609
0,8,1.3421414446838673,-0.8664485842937878,1.068712339450399,1.926077880082913,2.2891456283228586,0,1.096531327587567,1.342141444683867,1.9260778800829137,0.1295759545415238
0,10,1.3264337158418198,-0.8722602201993861,1.0565207142735997,1.9237279624091368,2.282761423804559,0,1.096531327587567,1.3264337158418198,1.9237279624091388,0.5822229346212193
0,12,1.3144584557710073,-0.7692310074892215,1.0612890136591266,1.9275979757674246,2.344464720422455,0,1.096531327587567,1.3144584557710126,1.9275979757674269,0.868786713858059
0,14,1.3107812186573902,-0.7690125072581114,1.0655422518563424,1.925634629220023,2.3405850679067335,0,1.096531327587567,1.3107812186573953,1.9256346292200237,1.2063743852279396
0,16,1.4664300671326864,-1.074122246584272,1.0591069051778121,1.889875289858632,2.1313161305910717,0,1.096531327587567,1.466430067132686,1.889875289858633,-0.6118323149986974
0,18,1.4522084662880161,-1.180788942346933,1.0531898072009906,1.886131773046296,2.072950456577891,0,1.096531327587567,1.4522084662880153,1.8861317730462979,0.004056464173212399
0,20,1.431667822442152,-1.1765494041066047,1.0468106923174338,1.8855201871631737,2.0747020409208456,0,1.096531327587567,1.431667822442146,1.8855201871631737,0.5472843963236668
0,22,1.4089477441279619,-1.2849737825386693,1.0357987367426995,1.8855441204928571,2.0186299811616255,0,1.096531327587567,1.4089477441279614,1.8855441204928574,1.3683624768621645
0,25,1.5332329393101827,-1.391165356184983,1.0548392884315099,1.8458686365386008,1.9138713529428992,0,1.096531327587567,1.5332329393101822,1.8458686365386001,-0.4434895566049378
0,27,1.5133170603796193,-1.4979335031569792,1.0506190209958963,1.8441556574133315,1.8585068691758782,0,1.096531327587567,1.5133170603796189,1.8441556574133344,0.3439174835929077
0,29,1.484941188999144,-1.4971281850829068,1.0357984413214558,1.8429686766825388,1.8577565716143383,0,1.096531327587567,1.484941188999143,1.8429686766825397,0.8311744608566897
0,31,1.5687080169225518,-1.488896642241144,1.0254013421873123,1.8016750722258916,1.8051476290697708,0,1.096531327587567,1.5687080169225518,1.8016750722258925,-0.9319907752799839
0,33,1.5533352833040412,-1.603992093520515,1.0150542837470296,1.7998047054613031,1.7493692800997658,0,1.096531327587567,1.553335283304041,1.7998047054613053,-0.3501058262005787
0,35,1.5401534929102645,-1.7211272811747778,1.01597989036318,1.8016046043130838,1.6961729159767676,0,1.096531327587567,1.540153492910264,1.8016046043130833,0.3249636634563051
0,37,1.5256297468301352,-1.8383438424322887,1.0181282341385944,1.8034662498917673,1.6452755063038984,0,1.096531327587567,1.525629746830135,1.8034662498917677,1.1260651641382657
0,39,1.5109992650900508,-1.8362745275216443,1.0182416648051402,1.8023591589693373,1.6448990224740863,0,1.096531327587567,1.5109992650900508,1.8023591589693377,1.5355077306690135
0,42,1.4415446125199418,-1.195992662489628,1.0555165535953284,1.9708790341039937,2.1827982917442874,0,1.096531327587567,1.4415446125199418,1.9708790341039932,-0.28811883807877126
0,46,1.447829821227669,-1.4103325913847573,1.0857654374100687,1.9723693620470193,2.0774976336145556,0,1.096531327587567,1.4478298212276683,1.9723693620470193,1.0432536736818223
0,50,1.4980240205603914,-1.4006719377719066,1.051030109020796,1.929562252104476,2.022175871416875,0,1.096531327587567,1.4980240205603912,1.9295622521044753,-0.13917190562177478
0,54,1.5528345376382657,-1.5044016193257879,1.020239428732537,1.889966530112109,1.918920508419313,0,1.096531327587567,1.5528345376382653,1.8899665301121098,-0.9192379465553606
0,58,1.4958481654542581,-1.3941596829382559,1.0116379181022332,1.8874258649079354,1.9688166313107676,0,1.096531327587567,1.4958481654542624,1.887425864907936,-0.20682895076152458
0,62,1.5203494804753301,-1.8451250649910655,1.0011451995966094,1.889207711978854,1.7561246282517238,0,1.096531327587567,1.5203494804753288,1.889207711978855,1.0624512630545995
0,66,1.5848136482986581,-1.7243428478607372,0.9927140521394824,1.8452181134495003,1.7539565086076863,0,1.096531327587567,1.5848136482986575,1.8452181134494985,-0.8232238144672003
0,70,1.5312006005942957,-1.8395843640187457,0.9842507547018106,1.8480290394098873,1.7039749425775506,0,1.096531327587567,1.5312006005942957,1.8480290394098888,0.5156696817350732
0,74,1.498489399523948,-1.8413766515219074,0.9813841088723233,1.844982981296919,1.69938771406963,0,1.096531327587567,1.498489399523947,1.844982981296919,1.3554471038766724
0,78,1.5650777087450018,-1.719123350426506,0.9837446704231212,1.8023136110279538,1.6994678170121424,0,1.096531327587567,1.5650777087450018,1.802313611027955,-0.585578534875272
0,82,1.525888680278787,-1.8351886863193132,0.9848705503798673,1.8073079812541109,1.6514087216023237,0,1.096531327587567,1.5258886802787868,1.8073079812541115,0.6460860202786295
0,86,1.5042234306317,-1.9188688783503793,1.0135796491560187,1.9890705458162106,1.8595508775266334,0,1.096531327587567,1.5042234306317,1.9890705458162115,-0.11632759756090168
0,90,1.5583058728362629,-2.0214759678453094,1.0288104371700304,1.9087161444474559,1.7085221196142149,0,1.096531327587567,1.5583058728362622,1.9087161444474565,-0.16759066167742487
0,94,1.5569742020499797,-2.0150242972105294,1.0075291433419917,1.8675853575865886,1.6580839668117546,0,1.096531327587567,1.5569742020499795,1.8675853575865886,-0.39359630416765445
0,98,1.5328950549204774,-1.9489132062412293,0.9721943491857171,1.827229948667096,1.6334683325774568,0,1.096531327587567,1.5328950549204763,1.827229948667097,-0.6288715158290346
0,102,1.5075199532792687,-2.005571672315735,0.9670113159084205,1.8093373950463894,1.5859058754112187,0,1.096531327587567,1.5075199532792687,1.8093373950463905,0.012813842067209782
0,106,1.532812212603294,-1.946841437536181,1.0123546326747528,1.7894081313193337,1.5861168131598373,0,1.096531327587567,1.5328122126032935,1.7894081313193348,-0.45794776705754414
0,110,1.5249513463093531,-1.8789649071313923,0.9890598195317508,1.7477666440231254,1.560625386754062,0,1.096531327587567,1.5249513463093534,1.7477666440231263,-0.8413211270819363
0,114,1.5006540116307332,-1.9347133704044714,0.9743153288983658,1.7267430243672688,1.5093087716820401,0,1.096531327587567,1.500654011630732,1.7267430243672681,-0.4662922598783055
0,118,1.4915425941118097,-1.8702747619004758,0.9597113468646944,1.689079510641597,1.4873205139621741,0,1.096531327587567,1.4915425941118086,1.6890795106415972,-0.8659047537005395
0,122,1.456246300534851,-1.9350590484006693,0.9817488346318541,1.689094894224554,1.4604139355720003,0,1.096531327587567,1.4562463005348498,1.6890948942245552,0.02381310688982555
0,126,1.4917591575773006,-1.8704021975235319,1.0315976603389791,1.6694215424778815,1.4621655199149548,0,1.096531327587567,1.4917591575772995,1.6694215424778818,-0.4885213358532319
0,130,1.4922710551554446,-1.866406358586609,1.0463395493883452,1.6482575600374922,1.4354218175078903,0,1.096531327587567,1.492271055155444,1.6482575600374918,-0.5246138469050908
0,134,1.523634264997642,-1.8172305879663526,1.0068391047404512,1.6684510677150541,1.4769765539856403,0,1.096531327587567,1.5236342649976418,1.6684510677150548,-0.7506203231618598
0,136,1.4582194051748283,-1.8656944457530897,0.999251853840396,1.6496030621235076,1.4360893420288334,0,1.096531327587567,1.4582194051748278,1.6496030621235078,-0.32757347652447955
0,140,1.4293692524983375,-1.8580940291086003,0.9679094196044565,1.6079461846196426,1.3856084676570326,0,1.096531327587567,1.4293692524983361,1.607946184619643,-0.46062623452553597
0,144,1.4329962543201187,-1.8549727571952,0.9598613843140432,1.5703148540553085,1.3379632374501977,0,1.096531327587567,1.4329962543201178,1.570314854055309,-0.782666376630456
0,148,1.405514471846357,-1.8501473505055739,0.9624109523787406,1.5483845507494534,1.310429186010337,0,1.096531327587567,1.4055144718463566,1.5483845507494542,-0.5653786493015954
0,150,1.5332995940253762,-2.121129759333266,1.2339329145351594,1.7674976446676791,1.481104525623152,0,1.096531327587567,1.5332995940253813,1.76749764466768,0.01730678295806803
0,154,1.5639419393644391,-1.9951916281695476,1.1534362402796652,1.727755985715841,1.4819829878927138,0,1.096531327587567,1.5639419393644394,1.7277559857158407,-0.5681391614435317
0,158,1.5163412609549785,-1.9864300948346336,1.0827049471106795,1.6674871942480183,1.4080559822473075,0,1.096531327587567,1.5163412609549782,1.6674871942480192,-0.6429443526967654
0,162,1.4650032949844118,-1.9799207764487292,1.0474948070879528,1.6280828538172194,1.3599514951700638,0,1.096531327587567,1.4650032949844105,1.6280828538172196,-0.15855524063608342
0,166,1.4455648596897477,-1.9146223926360855,1.0220271954354558,1.5894373779217623,1.337421207539192,0,1.096531327587567,1.4455648596897466,1.5894373779217625,-0.4863077720135354
0,170,1.4128227614513635,-1.91314360241522,1.0272228735786086,1.5698107837828823,1.3121380487839511,0,1.096531327587567,1.4128227614513624,1.569810783782883,0.03934925601356384
0,174,1.4100011103264853,-1.8503128636039137,1.061598425541542,1.5496457522017029,1.3133048816465593,0,1.096531327587567,1.4100011103264842,1.549645752201704,-0.030217367039382978
0,178,1.3842442193926021,-1.7828997897011507,1.0368111461993987,1.5111769347803004,1.2906117180325782,0,1.096531327587567,1.3842442193925961,1.5111769347803006,-0.14303515443893686
0,182,1.3782281014336437,-1.7149726284100444,1.0266392446823682,1.4711298629201188,1.2665781651805423,0,1.096531327587567,1.3782281014336437,1.4711298629201197,-0.516752348101452
0,186,1.3535827090270074,-1.7132146508832031,1.0191320900388525,1.45104693229541,1.2403391113113116,0,1.096531327587567,1.3535827090270072,1.4510469322954103,-0.3609292654825495
0,190,1.3417027455567065,-1.651664841047878,1.0412999168292265,1.4338368907816847,1.2440078260784142,0,1.096531327587567,1.3417027455567059,1.4338368907816854,-0.2828809693164373
0,194,1.35197923928483,-1.6459133981108434,1.0725257776583579,1.4121152217259376,1.2172240722000935,0,1.096531327587567,1.3519792392848302,1.412115221725938,-0.4425355013721258
0,198,1.3095360412459829,-1.579392351248452,1.0581887202317717,1.390288077431255,1.2163482800286234,0,1.096531327587567,1.3095360412459816,1.390288077431255,-0.10452113928151759
0,202,1.312807171911103,-1.5728084475647526,1.048367318687627,1.3534334169368476,1.1701235420023488,0,1.096531327587567,1.312807171911103,1.3534334169368483,-0.5073963938668384
0,206,1.3065777255105975,-1.4434327312114792,1.0338648503951033,1.31371553438763,1.172126115565178,0,1.096531327587567,1.3065777255105975,1.3137155343876314,-0.8156967370296118
0,210,1.2701697177481452,-1.5034386921878484,1.0565516683147471,1.314077680264383,1.146383699939528,0,1.096531327587567,1.2701697177481495,1.3140776802643839,-0.28803220266089746
0,214,1.2798780689951093,-1.4287210189838389,1.0497730582385683,1.2727445277308176,1.1238133608374001,0,1.096531327587567,1.2798780689951084,1.272744527730819,-0.7253767799253152
0,216,1.2901347478298977,-1.3688632257495594,1.0734493304228523,1.2548350334843312,1.1243153392771337,0,1.096531327587567,1.2901347478298972,1.2548350334843315,-0.7424897551536015
0,220,1.2236860116577837,-1.3644882708691697,1.0641635563172656,1.2351838967048465,1.1002417349538574,0,1.096531327587567,1.2236860116577832,1.2351838967048476,-0.2645938263971813
0,224,1.231731488766981,-1.2918932921915012,1.0532740383104242,1.19252765943223,1.0739172379459456,0,1.096531327587567,1.231731488766981,1.1925276594322303,-0.7729826690209431
0,228,1.1952359025403738,-1.2884405814531383,1.0555262607979583,1.174262329981743,1.050300220394978,0,1.096531327587567,1.1952359025403734,1.1742623299817432,-0.44718162281077817
0,232,1.190715236108569,-1.223400661431752,1.0632495083159355,1.1547521423324965,1.0506366527535338,0,1.096531327587567,1.190715236108569,1.1547521423324973,-0.5342828122209161
0,236,1.1647015673895726,-1.2167082190777632,1.0673596239111478,1.135777632091411,1.0275643352116406,0,1.096531327587567,1.1647015673895724,1.1357776320914115,-0.28379285844503943
0,240,1.1353991759031783,-1.2124765910754796,1.0674360736480217,1.1143456616638672,1.0001984999510736,0,1.096531327587567,1.1353991759031783,1.114345661663868,-0.1580652304725257
0,244,1.1642460168832423,-1.0801849776445491,1.0648501223138558,1.0732145380526277,1.0009060759432729,0,1.096531327587567,1.164246016883242,1.073214538052628,-0.8383654267113795
0,248,1.127111085767891,-1.0749726950456362,1.0677855156185312,1.0550764828509351,0.9780847476212702,0,1.096531327587567,1.1271110857678905,1.0550764828509362,-0.5557468728446264
0,252,1.0929566784790155,-1.0690038013294447,1.0684645925424725,1.0358476897912476,0.9542621325178527,0,1.096531327587567,1.0929566784790152,1.0358476897912485,-0.25197402050906076
0,256,1.116620534243949,-0.9940666106618856,1.063381494618837,0.9934019985777984,0.9283141193397529,0,1.096531327587567,1.1166205342439488,0.9934019985777992,-0.8606925087141329
0,260,1.076748638109505,-0.9329691417085507,1.062473610598819,0.9759581796273622,0.928896200722015,0,1.096531327587567,1.0767486381095042,0.9759581796273624,-0.5495980079614549
0,264,1.0377812260213561,-0.9276955368772555,1.051603450385618,0.9727364709444202,0.9276866462900661,0,1.096531327587567,1.0377812260213564,0.9727364709444207,-0.31553011793158764
0,266,1.104873907700932,-1.0623693420251128,1.099070861390661,1.0130430292557249,0.9255185266460432,0,1.096531327587567,1.1048739077009264,1.0130430292557249,-0.5761880612750678
0,270,1.050994426131969,-0.9130656069250338,1.0505380770667936,0.9338406665748649,0.8800414160832313,0,1.096531327587567,1.0509944261319686,0.9338406665748658,-0.7593063390026988
0,274,1.0164052494299314,-0.8452458869171943,1.0272128079499523,0.8964100537510875,0.8567207794195634,0,1.096531327587567,1.0164052494299312,0.8964100537510884,-0.7627635009101863
0,278,0.999062982580309,-0.7787686005947219,1.0415835241344868,0.8768494208400456,0.8585551368031147,0,1.096531327587567,0.999062982580309,0.8768494208400461,-0.6176787417658439
0,282,0.9815624290148254,-0.7815570949703892,1.0868484403743284,0.875766357910127,0.8546754842873935,0,1.096531327587567,0.98156242901482,0.8757663579101272,-0.29147638789679825
0,286,0.9956395828402218,-0.7731049458407375,1.1082828216448748,0.8575152184698147,0.83385672952822,0,1.096531327587567,0.9956395828402216,0.8575152184698154,-0.46908092204702007
0,290,0.953877184849995,-0.7052062926837016,1.1002359410193112,0.83536786122413,0.8314376206643224,0,1.096531327587567,0.953877184849995,0.8353678612241302,-0.22195227885914906
0,294,0.9534988707452194,-0.6876399913158052,1.0792719517438187,0.7948549183153811,0.7822490737650671,0,1.096531327587567,0.9534988707452242,0.7948549183153819,-0.48261755571147513
0,298,0.9351797608208821,-0.6124443980405263,1.0562916510742233,0.7555422937814599,0.7580953664992626,0,1.096531327587567,0.9351797608208816,0.75554229378146,-0.7268053068060886
0,302,0.9029432332395521,-0.6179877754056106,1.0841011532931848,0.7578693046838432,0.7598442807441328,0,1.096531327587567,0.9029432332395516,0.7578693046838437,-0.2674666105539056
0,306,0.9541244863660152,-0.5450314876823538,1.112776882109578,0.7354831846752141,0.7592194777925302,0,1.096531327587567,0.9541244863660204,0.735483184675215,-0.8142181011937724
0,310,0.9460132824327078,-0.538502881303876,1.1175166331382849,0.7158262588985684,0.7345210705176355,0,1.096531327587567,0.9460132824327078,0.7158262588985689,-0.8387977601766395
0,313,1.0875060650972217,-0.8368546497699291,1.1001205855519312,1.052242043176861,1.0760025845493717,0,1.096531327587567,1.0875060650972217,1.0522420431768618,-0.5421230135272639
0,316,1.0177775033104421,-0.9089575773695109,1.14457232442831,0.8924002739479142,0.8242603970151419,0,1.096531327587567,1.0177775033104424,0.8924002739479149,-0.1322906987120787
0,320,0.9832303196902563,-0.763764766810097,1.1456819901424784,0.8323873938175951,0.8011079765307519,0,1.096531327587567,0.9832303196902559,0.8323873938175956,-0.16364738459814807
0,324,1.0033897150785143,-0.6203657376129712,1.12690815449188,0.7725331693120048,0.779036945770289,0,1.096531327587567,1.0033897150785138,0.7725331693120058,-0.8614351591798196
0,328,0.9222465712440104,-0.6126328897821381,1.1140097406425564,0.7518806832171798,0.7535027977951734,0,1.096531327587567,0.9222465712440094,0.7518806832171805,-0.20943258628497044
0,332,0.9327777485808583,-0.5375836152484149,1.105972502347778,0.7138127354127304,0.7315599317427322,0,1.096531327587567,0.932777748580858,0.713812735412731,-0.584854981722888
0,336,0.9045048789727435,-0.531501699690905,1.1132514796643769,0.6945428511533942,0.7075263788906963,0,1.096531327587567,0.9045048789727379,0.694542851153396,-0.42034164616335
0,340,0.8959691626208606,-0.4651300867106799,1.1168106537711304,0.6742294600703055,0.7070697921183716,0,1.096531327587567,0.8959691626208603,0.6742294600703059,-0.4669806834018786
0,344,0.8677665395684964,-0.45445423056783774,1.1204609677882342,0.655116342384549,0.6839147015358973,0,1.096531327587567,0.8677665395684903,0.6551163423845493,-0.2303830885320195
0,348,0.9037715119738331,-0.3786682697302955,1.118370582472705,0.6143617937028707,0.658882532000531,0,1.096531327587567,0.9037715119738281,0.614361793702871,-0.9218983401462283
0,352,0.8934802930562031,-0.30963708006907964,1.1239843568702546,0.5954106245249752,0.6608851055633604,0,1.096531327587567,0.8934802930562027,0.5954106245249762,-0.8717799336354068
0,356,0.8731402990391899,-0.29774504934266144,1.1252463090098483,0.5746363797746046,0.6355592252387788,0,1.096531327587567,0.8731402990391889,0.5746363797746046,-0.8048577901232024
0,360,0.859942927033777,-0.2935645969744873,1.1253622039567965,0.5548166039597255,0.6098622012805538,0,1.096531327587567,0.859942927033771,0.5548166039597261,-0.7818365739106082
0,364,0.8026573838067703,-0.3723054449136205,1.1318027214946833,0.5955447380351485,0.6348516492465794,0,1.096531327587567,0.8026573838067695,0.5955447380351491,-0.2744186453312996
0,367,0.9018471978393905,-0.4491598014842922,1.1857367924960247,0.63434660587494,0.656506144705974,0,1.096531327587567,0.9018471978393908,0.6343466058749403,-0.44187355440582865
0,371,0.8409472809368994,-0.3641009885505173,1.1752854262510724,0.5761099517160578,0.6086099252792803,0,1.096531327587567,0.8409472809368997,0.5761099517160583,-0.3189062067425509
0,375,0.8433369047981661,-0.28516138716719275,1.162632039242675,0.5340402513141185,0.5833267665240235,0,1.096531327587567,0.8433369047981659,0.5340402513141194,-0.59780314533519
0,379,0.7834943725896536,-0.2573247914782544,1.1430266031256875,0.4736637377359374,0.5079365471287094,0,1.096531327587567,0.7834943725896528,0.47366373773593773,-0.6083309109063229
0,383,0.8137250536852645,-0.1407630559375542,1.1451912498602326,0.47459674093049214,0.5584200915985946,0,1.096531327587567,0.8137250536852637,0.47459674093049353,-0.7718790467623754
0,387,0.777107719189699,-0.20180866804959174,1.1730889889357436,0.47793887091110976,0.5368510392778812,0,1.096531327587567,0.7771077191896982,0.4779388709111106,-0.24420880920731217
0,391,0.7749783966537894,-0.12707696297776636,1.1862629805230163,0.4551579982480454,0.5360179686757457,0,1.096531327587567,0.7749783966537833,0.45515799824804565,-0.339602728227189
0,395,0.7949925428481465,-0.04751191319679592,1.1615877800490906,0.41565919172883314,0.5126946619139923,0,1.096531327587567,0.7949925428481457,0.41565919172883375,-0.958636602121823
0,399,0.7725739993142764,-0.043823605972815566,1.1492566314287325,0.39575786102746124,0.48628472176739923,0,1.096531327587567,0.7725739993142766,0.3957578610274613,-0.8778034065570958
0,403,0.7390464688392816,-0.04243152995858733,1.175316431795668,0.39556918008974135,0.486244670296143,0,1.096531327587567,0.7390464688392818,0.395569180089742,-0.35896273285339264
0,407,0.7703393172249853,0.030256365987373718,1.1971283456333413,0.3752660083906059,0.4864102163773366,0,1.096531327587567,0.7703393172249845,0.3752660083906069,-0.7286837858214258
0,411,0.755171259880554,0.04115876140434186,1.1855613413738553,0.35567297460974856,0.4620055198916572,0,1.096531327587567,0.7551712598805485,0.3556729746097495,-0.7940455559459305
0,415,0.7191220993896874,0.053382382967902674,1.169572922824749,0.334759419315169,0.4372216694780814,0,1.096531327587567,0.7191220993896877,0.3347594193151695,-0.587374012446515
0,419,0.691954049647768,0.05946022576456448,1.1552880094038454,0.3156415008797043,0.41356727055394193,0,1.096531327587567,0.6919540496477626,0.3156415008797049,-0.5466739317755839
0,423,0.6737496958607987,0.057418078115427186,1.1798761047933748,0.3162872857646802,0.4117756347397311,0,1.096531327587567,0.6737496958607976,0.31628728576468046,-0.22426632751202485
0,427,0.7285837451554834,0.1274848319329889,1.2099403063741143,0.2973193618022238,0.41423479507488503,0,1.096531327587567,0.7285837451554826,0.29731936180222396,-0.7309441493015569
0,431,0.723734773605199,-0.1044933401247505,1.1951542873002325,0.3955545495058698,0.458707948758198,0,1.096531327587567,0.723734773605198,0.39555454950587093,-0.5596699908395386
0,433,0.7711166302549556,-0.1103587915064896,1.2115568276335689,0.41407516283455764,0.4838255614322453,0,1.096531327587567,0.7711166302549556,0.4140751628345579,-0.40226244506968317
0,437,0.751199367189586,0.05083147546751654,1.1824899594340421,0.33447638963271614,0.43626310426600734,0,1.096531327587567,0.7511993671895852,0.3344763896327168,-0.8272743208821881
0,441,0.7238030590954468,0.13388201687228565,1.1561009700595437,0.2949706243850575,0.41344177594400455,0,1.096531327587567,0.7238030590954466,0.2949706243850582,-0.8591467550591476
0,445,0.6879586687880752,0.14305952870136548,1.1503315223956576,0.2729655537398308,0.38486371615338866,0,1.096531327587567,0.687958668788075,0.27296555373983167,-0.6963077630517478
0,449,0.6681192192112799,0.21389185155748675,1.1511210024621639,0.25581605365218335,0.3887006470997693,1,1.096531327587567,0.6681192192112797,0.2558160536521842,-0.5868947065676146
0,453,0.6520464858341274,0.16239800428211887,1.1492039159407832,0.23518909180550648,0.33692744525542284,1,1.096531327587567,0.6520464858341264,0.23518909180550757,-0.6006697893906319
0,457,0.6323679138680139,0.2356612357703917,1.147381885668557,0.21593324051107757,0.33947204872925785,1,1.096531327587567,0.6323679138680135,0.2159332405110784,-0.5110518188605634
0,461,0.6241473061483078,0.30802523388449565,1.1383772711711337,0.1938740652563534,0.3389700702895084,1,1.096531327587567,0.624147306148307,0.19387406525635342,-0.5706153290544966
0,465,0.6292354031433595,0.3186169992814699,1.1338037681269193,0.17406887561630266,0.3134786438837332,1,1.096531327587567,0.6292354031433592,0.1740688756163031,-0.7238032103374694
0,469,0.5882103067001382,0.32870131432791855,1.1374497596736008,0.15607900184390847,0.2901580072200653,1,1.096531327587567,0.5882103067001382,0.15607900184390947,-0.4860040371265322
0,473,0.5677833371086122,0.3283063695012187,1.1420450432725935,0.15606283148083586,0.29111657243213934,1,1.096531327587567,0.5677833371086112,0.15606283148083536,-0.25436580200816655
0,477,0.5692807462456465,0.40296272639274505,1.1366036014148067,0.13407619229515708,0.2903262233993432,1,1.096531327587567,0.5692807462456467,0.13407619229515746,-0.39459714757568276
0,481,0.616080233340948,0.32041521944366275,1.1818803237073408,0.17466148518814084,0.31352136545307374,1,1.096531327587567,0.6160802333409476,0.17466148518814117,-0.7235192373714964
0,483,0.6892580971350974,0.23595284058824637,1.19506899541326,0.21548668392875261,0.3391382864687863,1,1.096531327587567,0.6892580971350978,0.21548668392875311,-0.7925389039034093
0,485,0.6556291129887323,0.39128245523845473,1.1809899816522893,0.15355473285334983,0.3136468600630111,1,1.096531327587567,0.6556291129887319,0.15355473285334947,-0.8415633909086189
0,489,0.5718446253918228,0.4023472600322057,1.167736964044949,0.1342562735839999,0.2904517180092806,1,1.096531327587567,0.5718446253918226,0.1342562735840006,-0.3090979816699234
0,493,0.6013924697836514,0.4865273982900709,1.1431155664569865,0.09441652380686681,0.26491757003416483,1,1.096531327587567,0.6013924697836506,0.09441652380686744,-0.9024917225800685
0,497,0.590342886629018,0.4848296995093092,1.176996170792308,0.0956339303720308,0.26646088672658524,1,1.096531327587567,0.590342886629018,0.09563393037203173,-0.6520370305667581
0,501,0.5637536533490277,0.4857534357296762,1.194997234355487,0.09587089320651708,0.26700291663759096,1,1.096531327587567,0.5637536533490275,0.09587089320651641,-0.3125381617507169
0,505,0.5456329389385385,0.498522301392219,1.1752592563591806,0.07534718206940882,0.24230450936269626,1,1.096531327587567,0.5456329389385388,0.07534718206940977,-0.3320248328325709
0,509,0.5075195930838619,0.5086498947066408,1.1512405279104472,0.05582556361423281,0.21589456921610325,1,1.096531327587567,0.5075195930838609,0.055825563614232986,-0.2002097591979138
0,513,0.49872931034147056,0.5793094296534348,1.140870781623138,0.0360296912549751,0.2173150613966706,1,1.096531327587567,0.49872931034147006,0.03602969125497537,-0.29781619647955987
0,517,0.5082610551185714,0.5791529778122766,1.1685186107252117,0.03573698506720152,0.21723228835607378,1,1.096531327587567,0.5082610551185717,0.0357369850672024,-0.2609491296986408
0,521,0.5324645070305576,0.5932934260719002,1.1703405035551646,0.01704545434782665,0.1954522982867419,1,1.096531327587567,0.5324645070305566,0.017045454347826988,-0.5947968622626606
0,525,0.49459524697581586,0.6690170032322157,1.1496335876362065,-0.0033766507686518697,0.19524670073429207,1,1.096531327587567,0.49459524697581536,-0.0033766507686514642,-0.37909265293605177
0,529,0.483732603025308,0.6787460940716574,1.1287350219629073,-0.024222590912336143,0.16846027675788694,1,1.096531327587567,0.483732603025307,-0.024222590912336278,-0.5280791684189293
0,533,0.4984844251092666,0.750531797578412,1.1234248550795716,-0.04327171432078964,0.16833478214794956,1,1.096531327587567,0.4984844251092719,-0.04327171432078951,-0.7747388963215547
0,537,0.5127175854472944,0.7481965535994392,1.156118864212298,-0.04213950537337831,0.1716296831833245,1,1.096531327587567,0.5127175854472933,-0.0421395053733774,-0.7705256299086422
0,541,0.46911537112182666,0.6886128513884808,1.1540583625436804,-0.04279991266889234,0.14442939400393534,1,1.096531327587567,0.4691153711218259,-0.042799912668892076,-0.4072513607375069
0,545,0.43801710369728386,0.6752432397651186,1.116829544932092,-0.02155084118236152,0.1709621586623814,1,1.096531327587567,0.43801710369728414,-0.021550841182361318,-0.6475264496307517
0,548,0.5476025108234236,0.3496873404393113,1.1588723911185472,0.1165044091613742,0.241137676500088,1,1.096531327587567,0.5476025108234278,0.11650440916137488,-0.26723500245954335
0,552,0.5374275648579314,0.5164261082922365,1.1585424728949323,0.03808364420431438,0.19265670559303213,1,1.096531327587567,0.5374275648579312,0.03808364420431506,-0.6419269860067526
0,556,0.5364360392430778,0.6040036017271531,1.1436805624337927,-0.0019133279635468882,0.17017180962958525,1,1.096531327587567,0.5364360392430767,-0.0019133279635459748,-0.8655267932627859
0,560,0.5227007845979355,0.6782413496077844,1.1384571045598861,-0.02230604652439775,0.17067111797125042,1,1.096531327587567,0.5227007845979347,-0.022306046524396703,-0.8182883583149703
0,564,0.49475316259272345,0.6900547983340932,1.1344877294568203,-0.04150176044499162,0.1484745926008502,1,1.096531327587567,0.4947531625927227,-0.041501760444990675,-0.7043081116952985
0,568,0.5022195596477306,0.7622503998644075,1.132530961516443,-0.06114891051100154,0.1478925112185882,1,1.096531327587567,0.5022195596477309,-0.06114891051100144,-0.8623532383637718
0,572,0.4628999173332063,0.7025943011803234,1.135061392601159,-0.06218889234576656,0.12068955194111475,1,1.096531327587567,0.46289991733320573,-0.062188892345766494,-0.5319747192709262
0,576,0.4676408682607498,0.7749476652048515,1.1305064249089651,-0.08277789994742914,0.12106870586901117,1,1.096531327587567,0.4676408682607495,-0.08277789994742885,-0.6863392879423417
0,580,0.4764778368291351,0.7855014393136827,1.1293525739650494,-0.10091807048887506,0.09728614223685,1,1.096531327587567,0.4764778368291346,-0.10091807048887412,-0.913432122634136
0,584,0.44499688492407624,0.7871245997314688,1.1367052618216933,-0.0996824514858537,0.09945693197895723,1,1.096531327587567,0.44499688492407546,-0.09968245148585211,-0.5679903223709013
0,588,0.4064192000143652,0.7259867451186777,1.1427606970289748,-0.09948178943454226,0.07525783304572771,1,1.096531327587567,0.4064192000143647,-0.09948178943454193,-0.19907796479336637
0,592,0.4420600208302543,0.800387514339873,1.1444026496335677,-0.12051598949763223,0.07312976487296104,1,1.096531327587567,0.44206002083025436,-0.12051598949763156,-0.6227271181084598
0,596,0.39643100916428375,0.7972289976633412,1.140089040864008,-0.11980598990437681,0.0742138246949725,1,1.096531327587567,0.39643100916428353,-0.11980598990437598,-0.20961301350802347
0,600,0.42541550327733213,0.8069582220276712,1.1387018732003154,-0.13736275854477273,0.051141507153095,1,1.096531327587567,0.42541550327733163,-0.1373627585447718,-0.5811568494023016
0,604,0.44971803223883816,0.884937580782168,1.1428406160223954,-0.1581580057963604,0.051141507153095,1,1.096531327587567,0.4497180322388374,-0.15815800579635944,-0.8803187075598069
0,608,0.4294981478264495,0.8846766465086039,1.1476676520030722,-0.16025599549080147,0.048725068387281655,1,1.096531327587567,0.42949814782644846,-0.16025599549080133,-0.7420082242301212
0,612,0.4801354216338784,0.6473722140082768,1.178979304128543,-0.0781339322485136,0.07417377322371625,1,1.096531327587567,0.4801354216338782,-0.07813393224851317,-0.7974152614252247
0,614,0.5323991294643978,0.5473634192687251,1.1929437617094918,-0.01695433933105726,0.12323415541494977,1,1.096531327587567,0.5323991294643978,-0.016954339331056754,-0.38579204843044634
1,5,-1.664824995716906,-0.013822009010885691,-0.780315668546905,-0.0367096795587571,0.13821340566491327,1,-0.9119666486866893,-1.6648249957169066,-0.03670967955875612,1.3559214138662201
1,7,-1.239703882647559,0.4577092612386416,-0.7853785712953917,-0.20012809361008146,0.11839593768715445,1,-0.9119666486866893,-1.23970388264756,-0.20012809361008016,1.521481251949302
1,9,-1.0936042698994308,0.19421950095259363,-0.8017004243173097,-0.27524749556941785,-0.1613395581573449,1,-0.9119666486866893,-1.0936042698994315,-0.27524749556941647,1.5825656648142352
1,11,-0.73126653017832,1.293897785245723,-0.8189608345575619,-0.4675591011402343,0.03295279900643769,1,-0.9119666486866893,-0.7312665301783203,-0.46755910114023375,1.6116892597859325
1,13,-0.842528114589512,0.5963628937510105,-0.8170586604850686,-0.4638705610264413,-0.28395580236034107,1,-0.9119666486866893,-0.8425281145895128,-0.463870561026441,1.635683603183944
1,17,-1.181441201986299,-0.5496344001718804,-0.7899515960195778,-0.4896572399664275,-0.651676370261308,1,-0.9119666486866893,-1.1814412019862992,-0.48965723996642724,1.5133129673198504
1,19,-1.1337358730874998,-0.8280469568337243,-0.7998175842028079,-0.5349872997042249,-0.8762583200874048,1,-0.9119666486866893,-1.1337358730875007,-0.5349872997042244,1.5570227636640157
1,21,-0.398916866227742,1.5745628928365807,-0.8208914384396702,-0.608682913553947,-0.16284015328042473,1,-0.9119666486866893,-0.3989168662277365,-0.6086829135539465,1.6010639080365177
1,23,-0.597675978043426,1.3288981185853743,-0.8050830216822562,-0.689971757378017,-0.2607579902085262,1,-0.9119666486866893,-0.5976759780434265,-0.6899717573780166,1.6251234861783674
1,25,-1.0214397055265083,-0.669221723580899,-0.8116148149021923,-0.6731843253911118,-1.0133091145312745,1,-0.9119666486866893,-1.021439705526508,-0.6731843253911116,1.5828244125881925
1,29,-0.34362458168002064,1.704337593164472,-0.8227964371025873,-0.7529173812940485,-0.27031160115226377,1,-0.9119666486866893,-0.34362458168002563,-0.7529173812940482,1.538047742753248
1,31,-0.6275796607173171,1.1249285269017175,-0.810123222854405,-0.7498114240220736,-0.41295358098355295,1,-0.9119666486866893,-0.6275796607173234,-0.7498114240220729,1.5293333592431357
1,33,-0.23134388083728316,1.8044132049958612,-0.8331024538291093,-0.8130173070218799,-0.3583821163474124,1,-0.9119666486866893,-0.2313438808372837,-0.8130173070218796,1.570135187796635
1,35,-0.29005873361932893,1.7699785018202847,-0.8318556810709238,-0.8800179040762481,-0.40865739316676336,1,-0.9119666486866893,-0.29005873361932866,-0.8800179040762476,1.5516408463653775
1,37,-0.35589455071842263,1.781113114204031,-0.8261217361370964,-0.9024681382844987,-0.4212976374953417,1,-0.9119666486866893,-0.35589455071842263,-0.9024681382844973,1.4854827166560183
1,41,-0.6791862384153959,1.013069813469108,-0.8060949854984824,-0.8392536415205988,-0.558391153508552,1,-0.9119666486866893,-0.6791862384154007,-0.8392536415205984,1.4395075254296419
1,43,-0.6590771195481514,0.8761733074918627,-0.8106484407249347,-0.8455916611430682,-0.645377608881689,1,-0.9119666486866893,-0.6590771195481473,-0.8455916611430666,1.5282781740815092
1,45,-0.6021843693225487,1.0580171855576812,-0.8152849529281804,-0.8484549953198771,-0.5811297087899578,1,-0.9119666486866893,-0.602184369322549,-0.8484549953198769,1.4822763744531195
1,47,-0.20710197879034525,2.039461742930421,-0.8466659453544774,-0.9782572608426501,-0.5242619598017727,1,-0.9119666486866893,-0.20710197879034553,-0.978257260842649,1.2472156465146014
1,49,-0.5037294247406308,1.51845161320151,-0.8161296639659359,-0.9591576774526087,-0.5390302723031177,1,-0.9119666486866893,-0.503729424740631,-0.9591576774526082,1.585744320035803
1,53,-0.5616959272775269,0.9188812685214703,-0.8325654007792793,-0.5002827830005963,-0.2042266735788969,1,-0.9119666486866893,-0.5616959272775267,-0.5002827830005968,1.3096654864429333
1,57,-0.2921264777236009,1.3065069069184134,-0.8514149581639203,-0.6359922408247974,-0.24252656049252833,1,-0.9119666486866893,-0.2921264777236007,-0.6359922408247981,1.443393542061592
1,59,-0.42167828947473096,1.099607978470747,-0.8394902785104699,-0.6621010581620186,-0.3419877141130502,1,-0.9119666486866893,-0.42167828947473146,-0.6621010581620183,1.5708767560711197
1,61,-0.7452286220747637,0.5648377302153762,-0.8200390911150816,-0.7315629320362215,-0.4825016257715727,1,-0.9119666486866893,-0.7452286220747637,-0.7315629320362209,1.5695505073820302
1,63,-0.5901063424391002,1.1029407241295022,-0.826925401582624,-0.826038704013436,-0.4542146066720878,1,-0.9119666486866893,-0.5901063424391,-0.8260387040134356,1.550117442812564
1,65,-0.18924801549394712,1.6097763477648708,-0.856285791205387,-0.8792871089480055,-0.49568390001115675,1,-0.9119666486866893,-0.18924801549394715,-0.8792871089480053,1.6175691596768416
1,69,-0.21757722568953092,1.5542654779519334,-0.8525807596120593,-0.8797661874964692,-0.5207587911158635,1,-0.9119666486866893,-0.21757722568953197,-0.8797661874964691,1.4651988121395343
1,71,-0.31173070620386023,1.3263439877810292,-0.8509677282115069,-0.8629830302736026,-0.5841736206054581,1,-0.9119666486866893,-0.31173070620386606,-0.862983030273602,1.6069451156036167
1,73,-0.7515415201360186,0.7175218117390464,-0.8164742501943623,-0.8933464709430393,-0.6638600278175617,1,-0.9119666486866893,-0.7515415201360242,-0.8933464709430388,1.503593056224556
1,75,-0.2400425824404827,1.4906266294948944,-0.8606291917258554,-0.9158033646668556,-0.6356557817586735,1,-0.9119666486866893,-0.2400425824404777,-0.9158033646668552,1.6640856832985214
1,77,-0.5116185601001643,1.296061845487512,-0.8345269711826895,-0.9757665817770196,-0.6355703386199925,1,-0.9119666486866893,-0.5116185601001643,-0.975766581777019,1.500143277722183
1,81,-0.9177586319238178,0.32512503809846793,-0.8149624599130255,-0.8917874067484509,-0.761983462298113,1,-0.9119666486866893,-0.9177586319238126,-0.8917874067484504,1.4215427690196052
1,83,-0.3266186821085283,1.4678847991156454,-0.8559421737034661,-1.011458482734528,-0.6827162604851621,1,-0.9119666486866893,-0.32661868210852907,-1.0114584827345277,1.5225157158041576
1,85,-0.6758229310046292,0.7382204174981397,-0.8301450615391263,-0.9282567721309563,-0.7702447457693049,1,-0.9119666486866893,-0.6758229310046289,-0.928256772130956,1.5467222991708474
1,87,-0.5686342241177001,1.2075969080102398,-0.8360591543654562,-1.030793661326388,-0.7143008507181062,1,-0.9119666486866893,-0.5686342241177011,-1.0307936613263868,1.5457677404939454
1,89,-0.7889556493112143,0.50325678788059,-0.8246774075263672,-0.9452886421651054,-0.8409195719486767,1,-0.9119666486866893,-0.7889556493112193,-0.9452886421651047,1.6166157040707094
1,93,-0.2661658539298229,1.4799891682901827,-0.8610795605134537,-1.0204080138114195,-0.7623198946566688,1,-0.9119666486866893,-0.2661658539298229,-1.020408013811419,1.5665570170538137
1,95,-0.6957210137404468,0.9817009342781633,-0.823830742209006,-1.028824017949626,-0.7552681656174257,1,-0.9119666486866893,-0.6957210137404469,-1.0288240179496255,1.5420659297922836
1,97,-0.4177994059534523,1.134111688526654,-0.850306120137151,-0.9722325898093477,-0.8194760142379007,1,-0.9119666486866893,-0.4177994059534583,-0.9722325898093461,1.5287993360277117
1,99,-0.4985718282163168,1.2533650837714796,-0.8440265203923987,-1.1005403156225653,-0.8226881422326788,1,-0.9119666486866893,-0.4985718282163173,-1.1005403156225657,1.5416892233321045
1,101,-0.876496797977629,0.6672213998283308,-0.8057201918882959,-1.0357799120943927,-0.8408768503793519,1,-0.9119666486866893,-0.876496797977629,-1.035779912094392,1.4940688114664384
1,105,-0.5807031052657554,1.0397664650600786,-0.8437428935099052,-0.8804417344731869,-0.5743690204418457,1,-0.9119666486866893,-0.5807031052657564,-0.8804417344731864,1.305492911393752
1,109,-1.1642532339744076,0.004616209288834105,-0.8055521364091727,-0.8370016264268424,-0.6410386994955589,1,-0.9119666486866893,-1.1642532339744078,-0.8370016264268417,1.439867166318191
1,111,-0.17621727925383246,1.5209347699183045,-0.8808470088398821,-0.9528844101266021,-0.6735364632731523,1,-0.9119666486866893,-0.17621727925383326,-0.9528844101266006,1.523542399999756
1,113,-0.7865404573700575,0.7483295577727167,-0.8277415421617875,-0.9822695259325785,-0.7237690185231627,1,-0.9119666486866893,-0.7865404573700581,-0.9822695259325781,1.5159884850349508
1,115,-0.8907987942856633,0.48891213303475145,-0.8212907381942599,-0.9707278253364418,-0.8007426060821533,1,-0.9119666486866893,-0.8907987942856642,-0.9707278253364405,1.5454112215198572
1,117,-1.7725680653017273,-1.2286248926442194,-0.8235876642312567,-0.9258240619765294,-1.1337145175209071,1,-0.9119666486866893,-1.772568065301727,-0.9258240619765287,0.7896337544986876
1,121,-1.147072061115041,-0.11467056032499376,-0.8158560762874305,-0.7446270879553144,-0.5701956571369092,1,-0.9119666486866893,-1.1470720611150405,-0.7446270879553141,1.3933039519723343
1,123,-0.8902817729145868,0.21618798798178288,-0.8447321716796844,-0.8067717489345133,-0.6724951250204814,1,-0.9119666486866893,-0.8902817729145862,-0.806771748934513,1.5516441427043266
1,125,-0.9176103821150315,0.1686328352810172,-0.8359397989156914,-0.8564712096221677,-0.7623599461279251,1,-0.9119666486866893,-0.9176103821150324,-0.856471209622167,1.5039912791000671
1,127,-0.8842635059285651,0.2928506097876467,-0.8400778290916473,-0.9133957194623683,-0.7994075570402671,1,-0.9119666486866893,-0.8842635059285648,-0.9133957194623676,1.5228760462250885
1,129,-0.7731426360794941,0.6030895887389304,-0.849181551405574,-0.9673492051627474,-0.8019948820834427,1,-0.9119666486866893,-0.7731426360794939,-0.9673492051627467,1.5436785058427944
1,133,-0.7704181900804311,0.8850738567137959,-0.8452926105692696,-1.0227509451891006,-0.7442540110218646,1,-0.9119666486866893,-0.7704181900804311,-1.0227509451891001,1.4265632968643571
1,135,-0.5425836366960931,1.2141269005410837,-0.869104761319454,-1.0576553568647986,-0.7827621655860302,1,-0.9119666486866893,-0.5425836366960939,-1.0576553568647984,1.5462175666652052
1,137,-0.24377423330528328,1.472579055299577,-0.898401551876543,-1.0440819209593868,-0.8387087307353133,1,-0.9119666486866893,-0.24377423330528328,-1.0440819209593861,1.6479651874408277
1,139,-0.8303820809828795,0.6929215749530363,-0.8425426431926902,-1.0519866756680443,-0.8909839110194092,1,-0.9119666486866893,-0.8303820809828792,-1.051986675668044,1.4847118302005693
1,141,-0.44897500315814776,1.4058590145127907,-0.8800876599422488,-1.1349118190792458,-0.865951741484043,1,-0.9119666486866893,-0.44897500315814776,-1.134911819079245,1.5022564882751743
1,145,-1.10002934796877,0.13610019174338295,-0.8445109307163196,-1.0518729083496225,-0.9758022467485234,1,-0.9119666486866893,-1.1000293479687706,-1.0518729083496223,1.4565898489477511
1,147,-0.5567342131071137,1.2385511984812687,-0.8692950789508668,-1.1339552997983433,-0.8856437148518644,1,-0.9119666486866893,-0.5567342131071142,-1.1339552997983429,1.4885084159509516
1,149,-0.32238283575287274,1.4018187660941785,-0.9000816580868337,-1.1201185987963838,-0.9440547805324699,1,-0.9119666486866893,-0.3223828357528725,-1.1201185987963835,1.7087215641936735
1,151,-0.9711525284907228,0.579280748284278,-0.8406034063169261,-1.1322890843281903,-0.9727983864042795,1,-0.9119666486866893,-0.9711525284907289,-1.1322890843281903,1.5045620520903609
1,153,-0.3597611723104869,1.546035468492836,-0.90175683264984,-1.2110556304031157,-0.9547325027694752,1,-0.9119666486866893,-0.35976117231048765,-1.211055630403115,1.602569315102068
1,157,-1.1438333253039767,0.20488019852511577,-0.8318176572964067,-1.0974379755248718,-1.0105962948781615,1,-0.9119666486866893,-1.1438333253039827,-1.0974379755248713,1.466941617860597
1,159,-0.6172240091076775,1.1463042020079115,-0.8643788754591227,-1.172214513763981,-0.970710369702769,1,-0.9119666486866893,-0.617224009107678,-1.1722145137639808,1.4995739628883262
1,161,-0.20556397865250245,1.7200369945481124,-0.9176357104958585,-1.204313987302413,-0.9935744195941124,1,-0.9119666486866893,-0.2055639786525022,-1.2043139873024125,1.543189627746103
1,163,-1.1255557528869755,0.1708230804006813,-0.8480356198602144,-1.140785553055881,-1.1186952157996874,1,-0.9119666486866893,-1.1255557528869764,-1.1407855530558815,1.4681744802488785
1,165,-0.913425753702598,0.7708261104228776,-0.8445768689566477,-1.1829047918807403,-1.008008969834986,1,-0.9119666486866893,-0.9134257537025934,-1.18290479188074,1.4940383644047044
1,169,-0.7620550739642241,1.0429663948222638,-0.8799660218395255,-1.1442372104954335,-0.8861857447628702,1,-0.9119666486866893,-0.7620550739642187,-1.1442372104954321,1.3197339462313082
1,173,-1.3240140912641307,-0.015656085656412598,-0.821477009574785,-1.0388371060183803,-0.8798869833832512,1,-0.9119666486866893,-1.3240140912641305,-1.0388371060183799,1.4398749276708545
1,175,-0.3256469859960968,1.4101994775064766,-0.9090889268629911,-1.1439367140328494,-0.9665396764959169,1,-0.9119666486866893,-0.3256469859960971,-1.1439367140328494,1.6589388381208277
1,177,-1.0307120268441152,0.4802200372878593,-0.8352571079618318,-1.1326521662160192,-0.990613280819209,1,-0.9119666486866893,-1.030712026844115,-1.1326521662160183,1.4679562212048927
1,179,-0.6907306956013265,0.6537887693526132,-0.8833462434437065,-1.09916333382361,-1.103256708679315,1,-0.9119666486866893,-0.6907306956013259,-1.0991633338236093,1.49600740497763
1,181,-0.8936909153172559,0.8401755345188279,-0.8563032757643676,-1.2125116140093373,-1.019359556789103,1,-0.9119666486866893,-0.893690915317256,-1.2125116140093368,1.4901741581521104
1,185,-1.2188742890683077,0.10230395392260383,-0.8316587875172042,-1.1263385629584757,-1.0689646389894265,1,-0.9119666486866893,-1.2188742890683084,-1.1263385629584755,1.420589161602189
1,187,-0.5972044213719502,1.2068615345526634,-0.8850934222629064,-1.2398066495458095,-1.044015242494657,1,-0.9119666486866893,-0.5972044213719502,-1.239806649545809,1.4993152210420508
1,189,-0.6071158177355924,0.8341767908656939,-0.8901992599390939,-1.1277403316638603,-1.152904512448979,1,-0.9119666486866893,-0.6071158177355985,-1.1277403316638601,1.4932684048814675
1,191,-1.053075481146667,0.4790512903088923,-0.8406461595483494,-1.2173386669930457,-1.107932050424001,1,-0.9119666486866893,-1.0530754811466665,-1.2173386669930464,1.507202662959566
1,193,-0.37048312074838374,1.3058523704876943,-0.9115912143980928,-1.2069316067831601,-1.1448942181976618,1,-0.9119666486866893,-0.3704831207483846,-1.2069316067831597,1.5308908448576704
1,197,-0.7502244423610415,1.0611228436415923,-0.8777899376419556,-1.2745402309773601,-1.1055930445026159,1,-0.9119666486866893,-0.7502244423610411,-1.27454023097736,1.4496883391664146
1,199,-0.9225262390484195,0.3311823590379331,-0.8697307709267686,-1.1633101601951399,-1.2251199852226868,1,-0.9119666486866893,-0.9225262390484196,-1.1633101601951397,1.4571728293034372
1,201,-1.3951662384938959,-0.2433505549319805,-0.8382196147955766,-1.1754630981779555,-1.2070994932553074,1,-0.9119666486866893,-1.395166238493896,-1.1754630981779561,1.5026585251251252
1,203,-1.1806145456002828,0.10117371861421973,-0.8436858912908308,-1.193698705920816,-1.1937463327383442,1,-0.9119666486866893,-1.180614545600283,-1.1936987059208153,1.537135815043276
1,205,-0.8246663858198238,0.79038808067943,-0.8670168500904146,-1.2596363215047748,-1.1728047534673347,1,-0.9119666486866893,-0.8246663858198232,-1.2596363215047737,1.5018820667142647
1,209,-1.346641485369459,-0.11735472220589424,-0.8367099836683171,-1.194513673115159,-1.1878240551885544,1,-0.9119666486866893,-1.34664148536946,-1.1945136731151589,1.4254208201109024
1,211,-0.7532981539641215,0.9258246466863939,-0.8770988164739177,-1.268943465683568,-1.1758086138115786,1,-0.9119666486866893,-0.7532981539641215,-1.2689434656835679,1.5321262330673955
1,213,-0.42445001650001385,1.2008525766930038,-0.9151265803124116,-1.23453753735275,-1.219656964543289,1,-0.9119666486866893,-0.4244500165000147,-1.2345375373527494,1.6813812923761906
1,215,-1.4318331386809386,-0.29763791950313284,-0.8455227272049697,-1.2202383264158354,-1.2793176361270997,1,-0.9119666486866893,-1.4318331386809384,-1.2202383264158347,1.4691525924040967
1,217,-1.0065275759401198,0.5660647716989473,-0.856829106225597,-1.2608908808170387,-1.1950813817802475,1,-0.9119666486866893,-1.0065275759401193,-1.2608908808170385,1.4962950469229552
1,221,-2.200236282169932,-1.3359248855974355,-0.822058733369891,-0.9151522601368245,-0.7875176102732288,1,-0.9119666486866893,-2.2002362821699326,-0.9151522601368244,1.2902943252644914
1,225,-1.5121602083200338,-0.4371596117052905,-0.8624349137645478,-0.9526481870232789,-0.8294888820520472,1,-0.9119666486866893,-1.5121602083200334,-0.9526481870232785,1.3799285779430648
1,227,-0.41818211870389,1.4689540196227482,-0.9360973593138101,-1.1308071357211924,-0.8422145695193066,1,-0.9119666486866893,-0.41818211870389105,-1.1308071357211926,1.5535101285027149
1,229,-1.3209341058761015,-0.14162512428336724,-0.8726509570738854,-1.0651373027310476,-0.9974540721098336,1,-0.9119666486866893,-1.320934105876102,-1.0651373027310465,1.4975194711272304
1,231,-0.5484983958865668,1.021499438131749,-0.9279416509768118,-1.0821498495426514,-1.0088420404371226,1,-0.9119666486866893,-0.5484983958865679,-1.0821498495426516,1.4991111799357801
1,233,-0.4112402441537705,1.5044456708821046,-0.9368040401323887,-1.2544063414901538,-1.0196078759108933,1,-0.9119666486866893,-0.41124024415377153,-1.2544063414901534,1.6053649352110158
1,237,-0.25511764977798135,1.6706804597531921,-0.9584631252583629,-1.2229911564178948,-1.0695066689004322,1,-0.9119666486866893,-0.2551176497779816,-1.222991156417893,1.4232816529501275
1,239,-1.336617982319134,0.2516146027730892,-0.8573890459569208,-1.2410979818438508,-1.0368380188454764,1,-0.9119666486866893,-1.3366179823191349,-1.2410979818438506,1.4878378360472997
1,241,-0.7134730344773635,0.7885050549895022,-0.9206958440048796,-1.1463737191384467,-1.1461037726296106,1,-0.9119666486866893,-0.7134730344773643,-1.1463737191384473,1.5196256016312566
1,243,-0.8620987461745896,1.0045930929202962,-0.8989317268629239,-1.3247734560162292,-1.0979165125117543,1,-0.9119666486866893,-0.8620987461745904,-1.324773456016229,1.5167642980084555
1,245,-1.187910795932304,0.11863592179342838,-0.893927666013288,-1.2066044619604042,-1.221702259675459,1,-0.9119666486866893,-1.1879107959323103,-1.2066044619604037,1.5144082041076785
1,249,-1.01587844561737,0.37805594920889685,-0.9010524037624011,-1.178323095817642,-1.207516028556376,1,-0.9119666486866893,-1.0158784456173706,-1.1783230958176414,1.4256194145145997
1,251,-1.0628928603434995,0.6865922585930186,-0.8725236669302323,-1.2902123539231238,-1.1122282382407904,1,-0.9119666486866893,-1.0628928603434997,-1.2902123539231225,1.4905772941611588
2,5,-1.8110440003750816,0.3038507520165818,-0.904305889409004,0.056459151243810374,0.13821340566491327,1,-0.9119666486866893,-1.8110440003750825,0.056459151243810686,-1.0848642444509102
2,7,-1.4251244657756097,0.629456486650435,-0.9206789031595564,-0.04580988130186409,0.11839593768715445,1,-0.9119666486866893,-1.4251244657756106,-0.04580988130186409,-0.9352133420767262
2,9,-1.3459415254781937,0.2286306637120678,-0.9321783244888815,-0.12250255096793296,-0.1613395581573449,1,-0.9119666486866893,-1.3459415254781935,-0.12250255096793256,-0.855141507953203
2,11,-1.0283554407729156,1.166628319462634,-0.9421789584936275,-0.24972566334304178,0.03295279900643769,1,-0.9119666486866893,-1.0283554407729152,-0.24972566334304103,-0.9178123875513026
2,13,-1.119510482259925,0.4731002848824515,-0.9469028763953315,-0.26880927563737544,-0.28395580236034107,1,-0.9119666486866893,-1.119510482259925,-0.26880927563737433,-0.9239727719627121
2,17,-1.5404843749541022,-0.8573430204652217,-0.9337276128138651,-0.18627852912687567,-0.651676370261308,1,-0.9119666486866893,-1.540484374954102,-0.18627852912687648,-0.922565613322873
2,19,-1.4904967471580786,-1.1440442397737154,-0.9434184716382481,-0.27517301794245536,-0.8762583200874048,1,-0.9119666486866893,-1.4904967471580792,-0.2751730179424551,-0.8652405597263588
2,21,-0.7543402152216796,1.2839791391662525,-0.961158673374242,-0.407147726681768,-0.16284015328042473,1,-0.9119666486866893,-0.7543402152216794,-0.4071477266817677,-0.8380439122140015
2,23,-0.949507609149332,0.9495906240197918,-0.953276949915277,-0.38181655862245234,-0.2607579902085262,1,-0.9119666486866893,-0.9495076091493325,-0.3818165586224517,-0.9193056713756361
2,25,-1.3590777629126565,-1.0870323995039348,-0.9476212362304977,-0.3882880034303748,-1.0133091145312745,1,-0.9119666486866893,-1.3590777629126565,-0.38828800343037423,-0.9230236600164835
2,29,-0.7941634845290104,1.1595976618494275,-0.9547704175456044,-0.44233336486635827,-0.27031160115226377,1,-0.9119666486866893,-0.79416348452901,-0.44233336486635766,-0.910707010676108
2,31,-1.0080978641040668,0.572796294383852,-0.9516064099942296,-0.37821223487116906,-0.41295358098355295,1,-0.9119666486866893,-1.0080978641040717,-0.37821223487116856,-0.8842077335440666
2,33,-0.6831048265492174,1.2477758290646348,-0.964353121378185,-0.5209189925966979,-0.3583821163474124,1,-0.9119666486866893,-0.683104826549218,-0.5209189925966967,-0.8208579270022792
2,35,-0.7224868943341989,1.2096912415338066,-0.9662412317024557,-0.5439312662410829,-0.40865739316676336,1,-0.9119666486866893,-0.7224868943341983,-0.5439312662410833,-0.8986048203886958
2,37,-0.8110596287957685,1.1390072351827851,-0.96185119614013,-0.5257386360187551,-0.4212976374953417,1,-0.9119666486866893,-0.8110596287957691,-0.5257386360187549,-0.8240069427821305
2,41,-1.027829548049794,0.44299689724580726,-0.9513086653078204,-0.43931963412115277,-0.558391153508552,1,-0.9119666486866893,-1.027829548049795,-0.439319634121152,-0.9954378100249913
2,43,-1.0169257584377411,0.283516683088697,-0.9531650067333833,-0.4573713488138191,-0.645377608881689,1,-0.9119666486866893,-1.0169257584377416,-0.4573713488138186,-0.89298109593251
2,45,-0.9531749903238866,0.47810488002362306,-0.9569484101568373,-0.4663839939399404,-0.5811297087899578,1,-0.9119666486866893,-0.9531749903238861,-0.4663839939399401,-0.7778591333896882
2,47,-0.622766300458944,1.2804602243917262,-0.9747298245668173,-0.6343808872636911,-0.5242619598017727,1,-0.9119666486866893,-0.6227663004589449,-0.6343808872636908,-0.8483868760593313
2,49,-0.8142405099071974,1.0257430416653812,-0.9607386750587124,-0.5737555328140088,-0.5390302723031177,1,-0.9119666486866893,-0.8142405099071922,-0.5737555328140084,-0.9112734208461691
2,53,-1.0046146307356831,0.18735219457908933,-0.9665991377363234,-0.13337601886262454,-0.2042266735788969,1,-0.9119666486866893,-1.0046146307356836,-0.13337601886262448,-0.9659367693815364
2,57,-0.7742649832332122,0.564401622922319,-0.9757967793423653,-0.26383104336371566,-0.24252656049252833,1,-0.9119666486866893,-0.7742649832332122,-0.2638310433637152,-0.9128180374140933
2,59,-0.7321954184372625,0.6144100612499345,-0.9783011465407561,-0.33765737708093246,-0.3419877141130502,1,-0.9119666486866893,-0.7321954184372622,-0.33765737708093196,-0.8596603415679462
2,61,-0.998680577048164,0.06583326078809697,-0.9657056403071776,-0.2945253215036832,-0.4825016257715727,1,-0.9119666486866893,-0.9986805770481638,-0.29452532150368266,-0.7231001816609156
2,63,-0.9240783217867371,0.5160322110404897,-0.9648015432748335,-0.38705193039499214,-0.4542146066720878,1,-0.9119666486866893,-0.9240783217867377,-0.3870519303949918,-0.8735047124569467
2,65,-0.6688886441696325,0.9203178118363041,-0.9795403232910012,-0.5248645212396441,-0.49568390001115675,1,-0.9119666486866893,-0.668888644169632,-0.5248645212396434,-0.7833054740971518
2,69,-0.643660514351314,0.9539143866223025,-0.9806983698953592,-0.5471823518227085,-0.5207587911158635,1,-0.9119666486866893,-0.6436605143513143,-0.5471823518227078,-0.9518822114091023
2,71,-0.6603886017779999,0.8108164946118965,-0.984267143623697,-0.5538974795685496,-0.5841736206054581,1,-0.9119666486866893,-0.6603886017780004,-0.5538974795685497,-0.7371399553332463
2,73,-0.9563299383383999,0.29109910291250324,-0.9628594357188642,-0.4705329207941252,-0.6638600278175617,1,-0.9119666486866893,-0.9563299383384,-0.47053292079412457,-0.8831013639695576
2,75,-0.6123781511384814,0.9649910214329301,-0.9896671909341179,-0.624984389782577,-0.6356557817586735,1,-0.9119666486866893,-0.6123781511384819,-0.6249843897825763,-0.7562202766967104
2,77,-0.8244062350426135,0.7776239620816877,-0.9741290106285287,-0.5732742365657841,-0.6355703386199925,1,-0.9119666486866893,-0.8244062350426135,-0.5732742365657838,-0.8409070871769541
2,81,-1.0007382796640494,0.08154205994574627,-0.9686122341324879,-0.48832447207263185,-0.761983462298113,1,-0.9119666486866893,-1.0007382796640496,-0.48832447207263163,-0.9380787112083703
2,83,-0.7405688488902857,0.8385030162706517,-0.9836748505950703,-0.6243395741899608,-0.6827162604851621,1,-0.9119666486866893,-0.7405688488902852,-0.6243395741899606,-0.7932051093096757
2,85,-0.8447107230871673,0.39595108587774425,-0.9734690862224828,-0.5683335707991671,-0.7702447457693049,1,-0.9119666486866893,-0.8447107230871671,-0.5683335707991666,-0.7916786158272803
2,87,-0.8201170606292372,0.7737146022430537,-0.9770408926606968,-0.6235184021877107,-0.7143008507181062,1,-0.9119666486866893,-0.8201170606292368,-0.6235184021877103,-0.7989923869726879
2,89,-0.8891061741042051,0.2543902146262664,-0.9724752018378605,-0.5832144561423094,-0.8409195719486767,1,-0.9119666486866893,-0.8891061741042054,-0.5832144561423079,-0.7978652218018963
2,93,-0.6365441333518763,0.9343668536809262,-0.9865874649418344,-0.6996155173924634,-0.7623198946566688,1,-0.9119666486866893,-0.6365441333518764,-0.6996155173924627,-0.8256886595825349
2,95,-0.8666148579762982,0.6370786901243238,-0.9693933952468465,-0.6168750811362529,-0.7552681656174257,1,-0.9119666486866893,-0.8666148579762988,-0.6168750811362521,-0.7968285851375247
2,97,-0.6326158620865946,0.7834085708757607,-0.9877033134646275,-0.7003615893360372,-0.8194760142379007,1,-0.9119666486866893,-0.6326158620865951,-0.700361589336037,-0.8710637700637944
2,99,-0.7720239701491675,0.7996139253876221,-0.9846194857896129,-0.7051982095516407,-0.8226881422326788,1,-0.9119666486866893,-0.7720239701491672,-0.7051982095516396,-0.7607620868817555
2,101,-0.8764239259196651,0.5155664410682016,-0.9605176413156122,-0.6436868813471304,-0.8408768503793519,1,-0.9119666486866893,-0.8764239259196649,-0.6436868813471301,-0.8916076799758917
2,105,-0.9649000974346259,0.21332637952679184,-0.9736525673172375,-0.38972270046797686,-0.5743690204418457,1,-0.9119666486866893,-0.9649000974346268,-0.38972270046797747,-1.0568499270806186
2,109,-1.1020258395530034,-0.2482302818806831,-0.9610214666301529,-0.320109371033626,-0.6410386994955589,1,-0.9119666486866893,-1.1020258395530027,-0.32010937103362574,-0.9401197771243907
2,111,-0.6034667020082717,0.7717886494213811,-0.9963949465223286,-0.5990851063860103,-0.6735364632731523,1,-0.9119666486866893,-0.6034667020082719,-0.5990851063860096,-0.8488453551650611
2,113,-0.922871640746779,0.29582675691510707,-0.962256518238519,-0.5110226491904422,-0.7237690185231627,1,-0.9119666486866893,-0.9228716407467797,-0.5110226491904419,-0.8509601701433679
2,115,-0.9502879621284946,0.13243180269447472,-0.9644267388231396,-0.5239716539627293,-0.8007426060821533,1,-0.9119666486866893,-0.9502879621284954,-0.5239716539627294,-0.9019195065519966
2,117,-1.756856514299527,-1.4906521790267395,-0.9552434293616006,-0.3805020871747438,-1.1337145175209071,1,-0.9119666486866893,-1.7568565142995272,-0.38050208717474326,-1.584155090860676
2,121,-1.1801202686173458,-0.5459468637699577,-0.9585624349882391,-0.19834319549742876,-0.5701956571369092,1,-0.9119666486866893,-1.1801202686173462,-0.19834319549742827,-0.9984325409106939
2,123,-1.013941911138096,-0.31851950319702077,-0.9733156362431906,-0.32807577998531295,-0.6724951250204814,1,-0.9119666486866893,-1.013941911138096,-0.3280757799853123,-0.7919490749495804
2,125,-1.0601028313618643,-0.37563903987568514,-0.9674829084791498,-0.3760073865457376,-0.7623599461279251,1,-0.9119666486866893,-1.060102831361864,-0.3760073865457371,-0.8717946155514783
2,127,-1.033614539431713,-0.25278749844046233,-0.968973601876617,-0.431484609421018,-0.7994075570402671,1,-0.9119666486866893,-1.0336145394317127,-0.43148460942101774,-0.8956029954167838
2,129,-1.0396451107233988,-0.14373414557643072,-0.9639944109560683,-0.459676188529827,-0.8019948820834427,1,-0.9119666486866893,-1.0396451107233986,-0.4596761885298266,-0.7877315154140833
2,133,-0.9864076541386262,0.2435912731357322,-0.9594988995702272,-0.5138157405704836,-0.7442540110218646,1,-0.9119666486866893,-0.9864076541386265,-0.513815740570483,-0.9292336289887408
2,135,-0.8704248690028752,0.46994771629222293,-0.9797271736251121,-0.5945304135625639,-0.7827621655860302,1,-0.9119666486866893,-0.8704248690028805,-0.5945304135625633,-0.8357253654484201
2,137,-0.5682521219614969,0.8154067592523626,-0.9969583972908908,-0.7200782806891256,-0.8387087307353133,1,-0.9119666486866893,-0.5682521219614979,-0.7200782806891252,-0.8099240646613648
2,139,-1.0042025569978683,0.030885137378131332,-0.96001912298093,-0.5612181306169597,-0.8909839110194092,1,-0.9119666486866893,-1.004202556997868,-0.5612181306169592,-0.7742751052558016
2,141,-0.7889597565427708,0.6454894830757315,-0.9824702073558029,-0.6911081421020587,-0.865951741484043,1,-0.9119666486866893,-0.7889597565427714,-0.6911081421020584,-0.9044466392976509
2,145,-1.0751437042310619,-0.22740861223710848,-0.9672834393854738,-0.5598221145612406,-0.9758022467485234,1,-0.9119666486866893,-1.0751437042310619,-0.5598221145612401,-0.9582461864120286
2,147,-0.8804698400898251,0.46959755953867593,-0.9708038644414754,-0.6639042312554578,-0.8856437148518644,1,-0.9119666486866893,-0.8804698400898251,-0.6639042312554567,-0.8130897608872826
2,149,-0.5746119365160229,0.8263486046925892,-0.9999075983423678,-0.7915941206021627,-0.9440547805324699,1,-0.9119666486866893,-0.5746119365160239,-0.7915941206021618,-0.8067937046383701
2,151,-0.9861492306978616,0.10865468924048594,-0.9567338085060548,-0.6355043443220002,-0.9727983864042795,1,-0.9119666486866893,-0.9861492306978616,-0.6355043443219998,-0.8126774720965545
2,153,-0.7330560727200349,0.7560537139648967,-0.995285929697788,-0.7801155159754674,-0.9547325027694752,1,-0.9119666486866893,-0.7330560727200347,-0.7801155159754677,-0.7660624706562571
2,157,-1.073627241145404,-0.06066180355802796,-0.9622484431103847,-0.6212166371182808,-1.0105962948781615,1,-0.9119666486866893,-1.0736272411454046,-0.6212166371182806,-0.8551429478403584
2,159,-0.8307676692545705,0.5647186208886616,-0.9723590706058457,-0.7421108853902945,-0.970710369702769,1,-0.9119666486866893,-0.8307676692545652,-0.7421108853902931,-0.9051391773295266
2,161,-0.5480800463776697,1.025206399482042,-1.0088216017313631,-0.869510448709005,-0.9935744195941124,1,-0.9119666486866893,-0.5480800463776708,-0.8695104487090045,-0.8726678276908264
2,163,-1.06640987841593,-0.21220661418770423,-0.9710983042662785,-0.6606132746309753,-1.1186952157996874,1,-0.9119666486866893,-1.0664098784159297,-0.6606132746309751,-0.7217313144403862
2,165,-0.9077326035708396,0.3977962561372902,-0.9569902396619637,-0.7273092520144009,-1.008008969834986,1,-0.9119666486866893,-0.9077326035708455,-0.7273092520144002,-0.8960974419687759
2,169,-1.0648006775858163,0.14634219299531184,-0.9835143241441567,-0.5857642717613435,-0.8861857447628702,1,-0.9119666486866893,-1.064800677585816,-0.5857642717613432,-0.9639095592560583
2,173,-1.1103684438616777,-0.1763476238233375,-0.9479595808512705,-0.5049783203358534,-0.8798869833832512,1,-0.9119666486866893,-1.1103684438616777,-0.5049783203358531,-0.8799628056471974
2,175,-0.6459250473485475,0.6968214139760859,-1.003936366039578,-0.7723073955177487,-0.9665396764959169,1,-0.9119666486866893,-0.6459250473485483,-0.7723073955177481,-0.8873318073573385
2,177,-0.973530382352707,0.10105685091539951,-0.9534934696819843,-0.6452660060908659,-0.990613280819209,1,-0.9119666486866893,-0.9735303823527067,-0.6452660060908657,-0.8716982458905043
2,179,-0.8121037831444612,0.16009560824918878,-0.9891928347845241,-0.7365072224188235,-1.103256708679315,1,-0.9119666486866893,-0.8121037831444612,-0.7365072224188242,-0.8517943412581732
2,181,-0.9421178684828118,0.3506764312175658,-0.9639843281005898,-0.7228746374559198,-1.019359556789103,1,-0.9119666486866893,-0.9421178684828123,-0.7228746374559197,-0.8584026977121109
2,185,-1.0594733178103077,-0.06295664034138537,-0.9534736038790964,-0.6608889809040625,-1.0689646389894265,1,-0.9119666486866893,-1.059473317810303,-0.6608889809040619,-0.9831076874367715
2,187,-0.8644316346363717,0.49323702585073803,-0.9754343858696318,-0.7720300600309201,-1.044015242494657,1,-0.9119666486866893,-0.8644316346363723,-0.7720300600309199,-0.8600316823757503
2,189,-0.7585104508030175,0.3300434258915168,-0.9978680781692673,-0.810611158181959,-1.152904512448979,1,-0.9119666486866893,-0.7585104508030172,-0.8106111581819583,-0.7400879057101558
2,191,-0.972297739091358,0.20137957518649532,-0.9590820762987529,-0.7482547403047737,-1.107932050424001,1,-0.9119666486866893,-0.9722977390913587,-0.7482547403047732,-0.7888001741071322
2,193,-0.5892650769008201,0.8019644778941849,-1.010837817544982,-0.9145998092143119,-1.1448942181976618,1,-0.9119666486866893,-0.5892650769008203,-0.9145998092143116,-0.7716780291379319
2,197,-0.881114302617194,0.559905692952799,-0.9801710840407047,-0.8281481908254554,-1.1055930445026159,1,-0.9119666486866893,-0.8811143026171949,-0.8281481908254559,-0.9538498486314145
2,199,-0.9470719473873366,-0.06714052151413562,-0.9826061179908971,-0.7675497172503066,-1.2251199852226868,1,-0.9119666486866893,-0.9470719473873371,-0.7675497172503066,-0.6869382889078772
2,201,-1.0891617355683512,-0.18457832450398073,-0.9695727232814462,-0.726865688981927,-1.2070994932553074,1,-0.9119666486866893,-1.089161735568352,-0.7268656889819264,-0.7857966102803127
2,203,-1.001154875142175,0.04751658260105939,-0.9645432540741866,-0.7709062588260766,-1.1937463327383442,1,-0.9119666486866893,-1.0011548751421753,-0.7709062588260761,-0.8767068843136057
2,205,-0.9120940934261265,0.39647220628612767,-0.9697940026541569,-0.8355091014562673,-1.1728047534673347,1,-0.9119666486866893,-0.9120940934261271,-0.835509101456268,-0.7909992650039023
2,209,-1.083969069170148,-0.0545799721145289,-0.9641737465102769,-0.7429155816110351,-1.1878240551885544,1,-0.9119666486866893,-1.0839690691701476,-0.7429155816110352,-0.8868732352308155
2,211,-0.9141147770629743,0.4112873289252993,-0.974786359139909,-0.8419535794468312,-1.1758086138115786,1,-0.9119666486866893,-0.9141147770629743,-0.8419535794468306,-0.7823060394268138
2,213,-0.586984846126143,0.7985380536588315,-1.0106303004116977,-0.9624418037875767,-1.219656964543289,1,-0.9119666486866893,-0.5869848461261441,-0.9624418037875762,-0.7291258669397287
2,215,-1.1135652427251053,-0.23328543517410263,-0.9703956839976312,-0.7660141782182004,-1.2793176361270997,1,-0.9119666486866893,-1.1135652427251048,-0.7660141782181998,-0.7700112330221158
2,217,-0.9306313334359797,0.3947457065780191,-0.9653415179017637,-0.848899221584849,-1.1950813817802475,1,-0.9119666486866893,-0.9306313334359803,-0.8488992215848487,-0.847373250604113
2,221,-1.5291727089955631,-1.0666270891966747,-0.9406297008478857,-0.2205957591804907,-0.7875176102732288,1,-0.9119666486866893,-1.5291727089955631,-0.2205957591804901,-1.046559167584166
2,225,-1.2283760495315197,-0.71628377329054,-0.9667298374141337,-0.3349739529126925,-0.8294888820520472,1,-0.9119666486866893,-1.2283760495315197,-0.3349739529126918,-0.9699875745376071
2,227,-0.8644007032425037,0.30083577446281273,-0.9947070403427742,-0.5898532303934728,-0.8422145695193066,1,-0.9119666486866893,-0.8644007032425037,-0.5898532303934724,-0.90401775741043
2,229,-1.1454680357463043,-0.5413899937944358,-0.9688442075199712,-0.4973597026176248,-0.9974540721098336,1,-0.9119666486866893,-1.1454680357463045,-0.4973597026176243,-0.834671080120501
2,231,-0.7714610480090066,0.27825996938421965,-1.0006995568720365,-0.698444993401332,-1.0088420404371226,1,-0.9119666486866893,-0.7714610480090064,-0.6984449934013323,-0.7039306994170477
2,233,-0.7778744903377651,0.5294864114836334,-0.9969810291824613,-0.7628677267509971,-1.0196078759108933,1,-0.9119666486866893,-0.7778744903377652,-0.7628677267509968,-0.8543183223938831
2,237,-0.6604107677621626,0.6817261670693283,-1.012180462593907,-0.8347763392477168,-1.0695066689004322,1,-0.9119666486866893,-0.6604107677621622,-0.8347763392477164,-0.8861873551288721
2,239,-1.01944149035687,0.0781642699221576,-0.9532728963469395,-0.668854569282616,-1.0368380188454764,1,-0.9119666486866893,-1.019441490356871,-0.6688545692826157,-0.8717234758107462
2,241,-0.8327822113645419,0.14122912636417334,-0.9918309998041075,-0.7590791581192964,-1.1461037726296106,1,-0.9119666486866893,-0.8327822113645417,-0.7590791581192963,-0.7567798959775377
2,243,-0.9120366795583351,0.3624955904085555,-0.971939184436511,-0.7756354831286577,-1.0979165125117543,1,-0.9119666486866893,-0.9120366795583353,-0.7756354831286574,-0.8652818255119538
2,245,-1.0562803974518642,-0.29901707844830233,-0.9769273337757702,-0.710362046333842,-1.221702259675459,1,-0.9119666486866893,-1.0562803974518635,-0.7103620463338414,-0.814473432486125
2,249,-1.0092215000261044,-0.16218490479134387,-0.9782629106764886,-0.7322138840854253,-1.207516028556376,1,-0.9119666486866893,-1.0092215000261102,-0.7322138840854248,-0.8743496299716522
2,251,-0.9617187982906439,0.2737622511131554,-0.960853642854155,-0.7634975187895099,-1.1122282382407904,1,-0.9119666486866893,-0.9617187982906437,-0.7634975187895091,-0.8396713223376777
